salesrep_id;last_name;first_name
1;Martin;Marie
2;Bernard;Jeanne
3;Thomas;Françoise
4;Petit;Monique
5;Robert;Catherine
6;Richard;Nathalie
7;Durand;Isabelle
8;Dubois;Jacqueline
9;Moreau;Sylvie
10;Laurent;Anne
11;Simon;Martine
12;Michel;Madeleine
13;Lefebvre;Nicole
14;Leroy;Suzanne
15;Roux;Hélène
16;David;Christine
17;Bertrand;Louise
18;Morel;Marguerite
19;Fournier;Denise
20;Girard;Christiane
21;Bonnet;Claire
22;Dupont;Pierre
23;Lambert;Michel
24;Fontaine;André
25;Rousseau;Philippe
26;Vincent;Louis
27;Muller;René
28;Lefevre;Alain
29;Faure;Jacques
30;Andre;Bernard
31;Mercier;Marcel
32;Blanc;Daniel
33;Guerin;Roger
34;Boyer;Paul
35;Garnier;Robert
36;Chevalier;Claude
37;Francois;Henri
38;Legrand;Christian
39;Gauthier;Nicolas
40;Garcia;Georges
41;Perrin;Raphaël
42;Robin;Jules
43;Clement;Olivia
44;Morin;Nathan
45;Nicolas;Céline
46;Henry;Aurélie
47;Roussel;Alexandra
48;Mathieu;Eléonore
49;Gautier;Theophile
50;Masson;Lara
51;Marchand;Geralt
52;Duval;Lana
53;Denis;Pauline
54;Dumont;Salomé
55;Marie;Jean-Guy
